Prey,Predator
Staphylinidae,Staphylinidae
Bacillariophyta,Staphylinidae
Cyanophycota,Staphylinidae
Gammaridea,Staphylinidae
Detritus complex,Staphylinidae
Bacteria,Chrysophyta
Bacillariophyta,Chrysophyta
Detritus complex,Chrysophyta
Bacillariophyta,Phascolosomatidae
Detritus complex,Phascolosomatidae
Bacillariophyta,Phoronida
Dinophyceae,Phoronida
Detritus complex,Phoronida
Chrysophyta,Gymnolaemata
Bacteria,Gymnolaemata
Prymnesiophyceae,Gymnolaemata
Bacillariophyta,Gymnolaemata
Prasinophyta,Gymnolaemata
Detritus complex,Terebratalia transversa
Solaster dawsoni,Solaster dawsoni
Solaster stimpsoni,Solaster dawsoni
Dermasterias imbricata,Solaster dawsoni
Henricia,Solaster dawsoni
Evasterias troschelii,Solaster dawsoni
Leptasterias,Solaster dawsoni
Pycnopodia helianthoides,Solaster dawsoni
Strongylocentrotus droebachiensis,Solaster dawsoni
Eupentacta,Solaster dawsoni
Cucumaria,Solaster dawsoni
Balanus crenatus,Solaster dawsoni
Gymnolaemata,Solaster endeca
Leptasterias,Solaster endeca
Strongylocentrotus droebachiensis,Solaster endeca
Eupentacta,Solaster endeca
Cucumaria,Solaster endeca
Terebratalia transversa,Solaster stimpsoni
Pycnopodia helianthoides,Solaster stimpsoni
Eupentacta,Solaster stimpsoni
Cucumaria,Solaster stimpsoni
Pyura,Solaster stimpsoni
Gymnolaemata,Dermasterias imbricata
Leptasterias,Dermasterias imbricata
Strongylocentrotus droebachiensis,Dermasterias imbricata
Eupentacta,Dermasterias imbricata
Cucumaria,Dermasterias imbricata
Bacillariophyta,Dermasterias imbricata
Hydrozoa,Dermasterias imbricata
Anthopleura,Dermasterias imbricata
Epiactis,Dermasterias imbricata
Urticina,Dermasterias imbricata
Metridium senile,Dermasterias imbricata
Ulvaceae,Dermasterias imbricata
Trichotropis cancellata,Dermasterias imbricata
Tonicella,Dermasterias imbricata
Katharina tunicata,Dermasterias imbricata
Detritus complex,Dermasterias imbricata
Gymnolaemata,Henricia
Bacteria,Henricia
Halichondria panicea,Henricia
Detritus complex,Henricia
Terebratalia transversa,Evasterias troschelii
Pyura,Evasterias troschelii
Lottia pelta,Evasterias troschelii
Lottia scutum,Evasterias troschelii
Balanus nubilus,Evasterias troschelii
Trochidae,Evasterias troschelii
Littorina,Evasterias troschelii
Nucella lamellosa,Evasterias troschelii
Nucella lima,Evasterias troschelii
Tonicella,Evasterias troschelii
Katharina tunicata,Evasterias troschelii
Mytilus,Evasterias troschelii
Modiolus,Evasterias troschelii
Pododesmus,Evasterias troschelii
Saxidomus,Evasterias troschelii
Protothaca staminea,Evasterias troschelii
Hiatellidae,Evasterias troschelii
Balanus crenatus,Evasterias troschelii
Balanus glandula,Evasterias troschelii
Semibalanus balanoides,Evasterias troschelii
Semibalanus cariosus,Evasterias troschelii
Terebratalia transversa,Leptasterias
Leptasterias,Leptasterias
Ophiuroidea,Leptasterias
Strongylocentrotus droebachiensis,Leptasterias
Eupentacta,Leptasterias
Cucumaria,Leptasterias
Pharidae,Leptasterias
Lottia digitalis,Leptasterias
Lottia pelta,Leptasterias
Lottia scutum,Leptasterias
Trochidae,Leptasterias
Lacuna,Leptasterias
Littorina,Leptasterias
Trichotropis cancellata,Leptasterias
Nucella canaliculata,Leptasterias
Nucella lamellosa,Leptasterias
Buccinum,Leptasterias
Tonicella,Leptasterias
Katharina tunicata,Leptasterias
Mopalia,Leptasterias
Mytilus,Leptasterias
Clinocardium,Leptasterias
Mactromeris,Leptasterias
Macoma,Leptasterias
Hiatellidae,Leptasterias
Chthamalus dalli,Leptasterias
Balanus glandula,Leptasterias
Semibalanus cariosus,Leptasterias
Paguridae,Leptasterias
Terebratalia transversa,Orthasterias koehleri
Styela,Orthasterias koehleri
Balanus nubilus,Orthasterias koehleri
Acmaea mitra,Orthasterias koehleri
Tonicella,Orthasterias koehleri
Katharina tunicata,Orthasterias koehleri
Mopalia,Orthasterias koehleri
Pododesmus,Orthasterias koehleri
Saxidomus,Orthasterias koehleri
Entodesma,Orthasterias koehleri
Terebratalia transversa,Pycnopodia helianthoides
Solaster dawsoni,Pycnopodia helianthoides
Dermasterias imbricata,Pycnopodia helianthoides
Evasterias troschelii,Pycnopodia helianthoides
Leptasterias,Pycnopodia helianthoides
Pycnopodia helianthoides,Pycnopodia helianthoides
Strongylocentrotus droebachiensis,Pycnopodia helianthoides
Eupentacta,Pycnopodia helianthoides
Cucumaria,Pycnopodia helianthoides
Enteroctopus dofleini,Pycnopodia helianthoides
Lottia digitalis,Pycnopodia helianthoides
Lottia pelta,Pycnopodia helianthoides
Lottia scutum,Pycnopodia helianthoides
Trochidae,Pycnopodia helianthoides
Littorina,Pycnopodia helianthoides
Trichotropis cancellata,Pycnopodia helianthoides
Naticidae,Pycnopodia helianthoides
Fusitriton,Pycnopodia helianthoides
Nucella lamellosa,Pycnopodia helianthoides
Katharina tunicata,Pycnopodia helianthoides
Mopalia,Pycnopodia helianthoides
Cryptochiton stelleri,Pycnopodia helianthoides
Mytilus,Pycnopodia helianthoides
Modiolus,Pycnopodia helianthoides
Pododesmus,Pycnopodia helianthoides
Clinocardium,Pycnopodia helianthoides
Tresus,Pycnopodia helianthoides
Macoma,Pycnopodia helianthoides
Saxidomus,Pycnopodia helianthoides
Protothaca staminea,Pycnopodia helianthoides
Hiatellidae,Pycnopodia helianthoides
Entodesma,Pycnopodia helianthoides
Chthamalus dalli,Pycnopodia helianthoides
Balanus crenatus,Pycnopodia helianthoides
Balanus glandula,Pycnopodia helianthoides
Semibalanus cariosus,Pycnopodia helianthoides
Paguridae,Pycnopodia helianthoides
Cancer,Pycnopodia helianthoides
Detritus complex,Pycnopodia helianthoides
Bacteria,Ophiuroidea
Prymnesiophyceae,Ophiuroidea
Bacillariophyta,Ophiuroidea
Sarcomastigophora,Ophiuroidea
Foraminiferida,Ophiuroidea
Radiolaria,Ophiuroidea
Hydrozoa,Ophiuroidea
Polynoidae,Ophiuroidea
Flabelligeridae,Ophiuroidea
Naticidae,Ophiuroidea
Hiatellidae,Ophiuroidea
Ostracoda,Ophiuroidea
Gammaridea,Ophiuroidea
Caprellidae,Ophiuroidea
Euphausiidae,Ophiuroidea
Detritus complex,Ophiuroidea
Pilayella littoralis,Strongylocentrotus droebachiensis
Laminaria,Strongylocentrotus droebachiensis
Agarum,Strongylocentrotus droebachiensis
Costaria costata,Strongylocentrotus droebachiensis
Saccharina sessile,Strongylocentrotus droebachiensis
Nereocystis luetkeana,Strongylocentrotus droebachiensis
Alaria,Strongylocentrotus droebachiensis
Desmarestia,Strongylocentrotus droebachiensis
Fucus,Strongylocentrotus droebachiensis
Porphyra,Strongylocentrotus droebachiensis
Corallina,Strongylocentrotus droebachiensis
Palmaria,Strongylocentrotus droebachiensis
Chrysophyta,Strongylocentrotus droebachiensis
Gymnolaemata,Strongylocentrotus droebachiensis
Solaster endeca,Strongylocentrotus droebachiensis
Ophiuroidea,Strongylocentrotus droebachiensis
Strongylocentrotus droebachiensis,Strongylocentrotus droebachiensis
Styela,Strongylocentrotus droebachiensis
Bacillariophyta,Strongylocentrotus droebachiensis
Hydrozoa,Strongylocentrotus droebachiensis
Ulvaceae,Strongylocentrotus droebachiensis
Acrosiphoniaceae,Strongylocentrotus droebachiensis
Codiaceae,Strongylocentrotus droebachiensis
Lacuna,Strongylocentrotus droebachiensis
Fusitriton,Strongylocentrotus droebachiensis
Nucella lamellosa,Strongylocentrotus droebachiensis
Buccinum,Strongylocentrotus droebachiensis
Katharina tunicata,Strongylocentrotus droebachiensis
Semibalanus balanoides,Strongylocentrotus droebachiensis
Pugettia,Strongylocentrotus droebachiensis
Crustose coralline algae complex,Strongylocentrotus droebachiensis
Detritus complex,Strongylocentrotus droebachiensis
Biofilm Complex,Strongylocentrotus droebachiensis
Red crust complex,Strongylocentrotus droebachiensis
Bacteria,Eupentacta
Bacillariophyta,Eupentacta
Ciliophora,Eupentacta
Detritus complex,Eupentacta
Prymnesiophyceae,Cucumaria
Bacillariophyta,Cucumaria
Detritus complex,Cucumaria
Bacteria,Apodacea
Bacillariophyta,Apodacea
Detritus complex,Apodacea
Lottia scutum,Styela
Littorina,Styela
Detritus complex,Styela
Bacillariophyta,Pyura
Prasinophyta,Pyura
Detritus complex,Pyura
Ammodytes hexapterus,Hypomesus pretiosus
Harpacticidae,Hypomesus pretiosus
Gammaridea,Hypomesus pretiosus
Paguridae,Hypomesus pretiosus
Cancer,Hypomesus pretiosus
Gobiesocidae,Gobiesocidae
Lottia digitalis,Gobiesocidae
Lottia pelta,Gobiesocidae
Lottia persona,Gobiesocidae
Lottia scutum,Gobiesocidae
Littorina,Gobiesocidae
Naticidae,Gobiesocidae
Tonicella,Gobiesocidae
Ostracoda,Gobiesocidae
Sphaeromatidae,Gobiesocidae
Idoteidae,Gobiesocidae
Gammaridea,Gobiesocidae
Pugettia,Gobiesocidae
Cancer,Gobiesocidae
Gasterosteus aculeatus,Gasterosteus aculeatus
Bacillariophyta,Gasterosteus aculeatus
Ostracoda,Gasterosteus aculeatus
Harpacticidae,Gasterosteus aculeatus
Gammaridea,Gasterosteus aculeatus
Detritus complex,Gasterosteus aculeatus
Hydrozoa,Artedius
Gammaridea,Artedius
Hippolytidae,Artedius
Crangonidae,Artedius
Paguridae,Artedius
Porphyra,Clinocottus
Ophiuroidea,Clinocottus
Bacillariophyta,Clinocottus
Anthopleura,Clinocottus
Epiactis,Clinocottus
Lottia digitalis,Clinocottus
Ulvaceae,Clinocottus
Nereididae,Clinocottus
Sabellidae,Clinocottus
Littorina,Clinocottus
Mytilus,Clinocottus
Pycnogonida,Clinocottus
Ostracoda,Clinocottus
Harpacticidae,Clinocottus
Sphaeromatidae,Clinocottus
Limnoria,Clinocottus
Idoteidae,Clinocottus
Gammaridea,Clinocottus
Caprellidae,Clinocottus
Hippolytidae,Clinocottus
Paguridae,Clinocottus
Pugettia,Clinocottus
Detritus complex,Clinocottus
Ophiuroidea,Hemilepidotus hemilepidotus
Mytilus,Hemilepidotus hemilepidotus
Sphaeromatidae,Hemilepidotus hemilepidotus
Gammaridea,Hemilepidotus hemilepidotus
Paguridae,Hemilepidotus hemilepidotus
Pugettia,Hemilepidotus hemilepidotus
Detritus complex,Hemilepidotus hemilepidotus
Lottia pelta,Oligocottus maculosus
Cryptochiton stelleri,Oligocottus maculosus
Harpacticidae,Oligocottus maculosus
Sphaeromatidae,Oligocottus maculosus
Gammaridea,Oligocottus maculosus
Paguridae,Oligocottus maculosus
Gammaridea,Trichodon trichodon
Colpomenia,Anoplarchus purpurescens
Porphyra,Anoplarchus purpurescens
Cucumaria,Anoplarchus purpurescens
Ulvaceae,Anoplarchus purpurescens
Acrosiphoniaceae,Anoplarchus purpurescens
Littorina,Anoplarchus purpurescens
Pycnogonida,Anoplarchus purpurescens
Gammaridea,Anoplarchus purpurescens
Desmarestia,Xiphister atropurpureus
Porphyra,Xiphister atropurpureus
Odonthalia,Xiphister atropurpureus
Ulvaceae,Xiphister atropurpureus
Acrosiphoniaceae,Xiphister atropurpureus
Ostracoda,Xiphister atropurpureus
Gammaridea,Xiphister atropurpureus
Caprellidae,Xiphister atropurpureus
Hippolytidae,Xiphister atropurpureus
Paguridae,Xiphister atropurpureus
Porphyra,Xiphister mucosus
Microcladia,Xiphister mucosus
Polysiphonia,Xiphister mucosus
Bacillariophyta,Xiphister mucosus
Ulvaceae,Xiphister mucosus
Acrosiphoniaceae,Xiphister mucosus
Sphaeromatidae,Xiphister mucosus
Gammaridea,Xiphister mucosus
Mastocarpus,Xiphister mucosus
Strongylocentrotus droebachiensis,Pholis
Lacuna,Pholis
Ostracoda,Pholis
Sphaeromatidae,Pholis
Idoteidae,Pholis
Gammaridea,Pholis
Caprellidae,Pholis
Detritus complex,Pholis
Harpacticidae,Ammodytes hexapterus
Gammaridea,Ammodytes hexapterus
Alaria,Homo sapiens
Fucus,Homo sapiens
Porphyra,Homo sapiens
Palmaria,Homo sapiens
Chrysophyta,Homo sapiens
Strongylocentrotus droebachiensis,Homo sapiens
Cucumaria,Homo sapiens
Styela,Homo sapiens
Pyura,Homo sapiens
Hypomesus pretiosus,Homo sapiens
Trichodon trichodon,Homo sapiens
Enhydra lutris,Homo sapiens
Vulpes,Homo sapiens
Eumetopias jubatus,Homo sapiens
Phoca vitulina,Homo sapiens
Anthopleura,Homo sapiens
Epiactis,Homo sapiens
Urticina,Homo sapiens
Enteroctopus dofleini,Homo sapiens
Pharidae,Homo sapiens
Lottia persona,Homo sapiens
Lineidae,Homo sapiens
Ulvaceae,Homo sapiens
Balanus nubilus,Homo sapiens
Littorina,Homo sapiens
Naticidae,Homo sapiens
Fusitriton,Homo sapiens
Nucella canaliculata,Homo sapiens
Nucella lamellosa,Homo sapiens
Nucella lima,Homo sapiens
Buccinum,Homo sapiens
Katharina tunicata,Homo sapiens
Cryptochiton stelleri,Homo sapiens
Mytilus,Homo sapiens
Modiolus,Homo sapiens
Pododesmus,Homo sapiens
Clinocardium,Homo sapiens
Tresus,Homo sapiens
Mactromeris,Homo sapiens
Macoma,Homo sapiens
Saxidomus,Homo sapiens
Protothaca staminea,Homo sapiens
Hiatellidae,Homo sapiens
Entodesma,Homo sapiens
Balanus glandula,Homo sapiens
Hippolytidae,Homo sapiens
Telmessus cheiragonus,Homo sapiens
Cancer,Homo sapiens
Detritus complex,Homo sapiens
Gavia,Homo sapiens
Diomedeidae,Homo sapiens
Phalacrocorax pelagicus,Homo sapiens
Branta canadensis,Homo sapiens
Branta bernicla,Homo sapiens
Chen canagica,Homo sapiens
Anas,Homo sapiens
Somateria mollissima,Homo sapiens
Somateria spectabilis,Homo sapiens
Mergus,Homo sapiens
Tringa melanoleuca,Homo sapiens
Gallinago,Homo sapiens
Larus hyperboreus,Homo sapiens
Larus glaucescens,Homo sapiens
Uria lomvia,Homo sapiens
Synthliboramphus antiquus,Homo sapiens
Ptychoramphus aleuticus,Homo sapiens
Aethia cristatella,Homo sapiens
Fratercula corniculata,Homo sapiens
Fratercula cirrhata,Homo sapiens
Bubo scandiacus,Homo sapiens
Phascolosomatidae,Enhydra lutris
Evasterias troschelii,Enhydra lutris
Pycnopodia helianthoides,Enhydra lutris
Strongylocentrotus droebachiensis,Enhydra lutris
Cucumaria,Enhydra lutris
Ammodytes hexapterus,Enhydra lutris
Enteroctopus dofleini,Enhydra lutris
Pharidae,Enhydra lutris
Trochidae,Enhydra lutris
Naticidae,Enhydra lutris
Nucella lamellosa,Enhydra lutris
Katharina tunicata,Enhydra lutris
Cryptochiton stelleri,Enhydra lutris
Mytilus,Enhydra lutris
Modiolus,Enhydra lutris
Pododesmus,Enhydra lutris
Clinocardium,Enhydra lutris
Tresus,Enhydra lutris
Mactromeris,Enhydra lutris
Macoma,Enhydra lutris
Saxidomus,Enhydra lutris
Protothaca staminea,Enhydra lutris
Hiatellidae,Enhydra lutris
Entodesma,Enhydra lutris
Crangonidae,Enhydra lutris
Paguridae,Enhydra lutris
Pugettia,Enhydra lutris
Telmessus cheiragonus,Enhydra lutris
Cancer,Enhydra lutris
Gavia,Enhydra lutris
Anas,Enhydra lutris
Melanitta perspicillata,Enhydra lutris
Staphylinidae,Vulpes
Pholis,Vulpes
Ammodytes hexapterus,Vulpes
Enhydra lutris,Vulpes
Vulpes,Vulpes
Eumetopias jubatus,Vulpes
Nereididae,Vulpes
Mytilus,Vulpes
Gammaridea,Vulpes
Detritus complex,Vulpes
Gavia,Vulpes
Fulmarus glacialis,Vulpes
Puffinus tenuirostris,Vulpes
Oceanodroma,Vulpes
Phalacrocorax auritus,Vulpes
Phalacrocorax pelagicus,Vulpes
Cygnus columbianus,Vulpes
Branta canadensis,Vulpes
Branta bernicla,Vulpes
Chen canagica,Vulpes
Anas,Vulpes
Aythya marila,Vulpes
Clangula hyemalis,Vulpes
Polysticta stelleri,Vulpes
Somateria mollissima,Vulpes
Somateria spectabilis,Vulpes
Buteo lagopus,Vulpes
Charadrius semipalmatus,Vulpes
Calidris,Vulpes
Limosa lapponica,Vulpes
Phalaropus lobatus,Vulpes
Stercorarius parasiticus,Vulpes
Larus hyperboreus,Vulpes
Larus glaucescens,Vulpes
Larus canus,Vulpes
Rissa tridactyla,Vulpes
Sterna,Vulpes
Uria aalge,Vulpes
Uria lomvia,Vulpes
Cepphus columba,Vulpes
Synthliboramphus antiquus,Vulpes
Ptychoramphus aleuticus,Vulpes
Aethia cristatella,Vulpes
Fratercula corniculata,Vulpes
Fratercula cirrhata,Vulpes
Melospiza melodia,Vulpes
Calcarius lapponicus,Vulpes
Plectrophenax,Vulpes
Aethia psittacula,Vulpes
Bubo scandiacus,Vulpes
Hypomesus pretiosus,Eumetopias jubatus
Gasterosteus aculeatus,Eumetopias jubatus
Artedius,Eumetopias jubatus
Hemilepidotus hemilepidotus,Eumetopias jubatus
Oligocottus maculosus,Eumetopias jubatus
Trichodon trichodon,Eumetopias jubatus
Anoplarchus purpurescens,Eumetopias jubatus
Xiphister atropurpureus,Eumetopias jubatus
Xiphister mucosus,Eumetopias jubatus
Pholis,Eumetopias jubatus
Ammodytes hexapterus,Eumetopias jubatus
Enhydra lutris,Eumetopias jubatus
Phoca vitulina,Eumetopias jubatus
Enteroctopus dofleini,Eumetopias jubatus
Cancer,Eumetopias jubatus
Ptychoramphus aleuticus,Eumetopias jubatus
Hypomesus pretiosus,Phoca vitulina
Gasterosteus aculeatus,Phoca vitulina
Hemilepidotus hemilepidotus,Phoca vitulina
Trichodon trichodon,Phoca vitulina
Anoplarchus purpurescens,Phoca vitulina
Pholis,Phoca vitulina
Ammodytes hexapterus,Phoca vitulina
Enteroctopus dofleini,Phoca vitulina
Mytilus,Phoca vitulina
Crangonidae,Phoca vitulina
Paguridae,Phoca vitulina
Cancer,Phoca vitulina
Bacteria,Foraminiferida
Bacillariophyta,Foraminiferida
Foraminiferida,Foraminiferida
Radiolaria,Foraminiferida
Ciliophora,Foraminiferida
Bacillariophyta,Radiolaria
Foraminiferida,Radiolaria
Radiolaria,Radiolaria
Ciliophora,Radiolaria
Ostracoda,Radiolaria
Chrysophyta,Ciliophora
Gasterosteus aculeatus,Ciliophora
Bacteria,Ciliophora
Prymnesiophyceae,Ciliophora
Bacillariophyta,Ciliophora
Ciliophora,Ciliophora
Cyanophycota,Ciliophora
Prasinophyta,Ciliophora
Dinophyceae,Ciliophora
Bacteria,Haliclona
Detritus complex,Haliclona
Detritus complex,Ophlitaspongia
Bacteria,Halichondria panicea
Detritus complex,Halichondria panicea
Bacteria,Hydrozoa
Bacillariophyta,Hydrozoa
Foraminiferida,Hydrozoa
Ciliophora,Hydrozoa
Hydrozoa,Hydrozoa
Polynoidae,Hydrozoa
Ostracoda,Hydrozoa
Gammaridea,Hydrozoa
Caprellidae,Hydrozoa
Euphausiidae,Hydrozoa
Pugettia,Hydrozoa
Dinophyceae,Hydrozoa
Detritus complex,Hydrozoa
Gymnolaemata,Anthopleura
Bacillariophyta,Anthopleura
Foraminiferida,Anthopleura
Hydrozoa,Anthopleura
Anthopleura,Anthopleura
Lottia scutum,Anthopleura
Trochidae,Anthopleura
Littorina,Anthopleura
Mytilus,Anthopleura
Protothaca staminea,Anthopleura
Balanus glandula,Anthopleura
Semibalanus cariosus,Anthopleura
Paguridae,Anthopleura
Pugettia,Anthopleura
Cancer,Anthopleura
Detritus complex,Anthopleura
Caprellidae,Epiactis
Detritus complex,Epiactis
Dermasterias imbricata,Urticina
Hemilepidotus hemilepidotus,Urticina
Epiactis,Urticina
Mytilus,Urticina
Telmessus cheiragonus,Urticina
Gymnolaemata,Metridium senile
Bacillariophyta,Metridium senile
Foraminiferida,Metridium senile
Ostracoda,Metridium senile
Harpacticidae,Metridium senile
Chthamalus dalli,Metridium senile
Balanus glandula,Metridium senile
Semibalanus cariosus,Metridium senile
Gammaridea,Metridium senile
Caprellidae,Metridium senile
Detritus complex,Metridium senile
Strongylocentrotus droebachiensis,Enteroctopus dofleini
Enteroctopus dofleini,Enteroctopus dofleini
Littorina,Enteroctopus dofleini
Trichotropis cancellata,Enteroctopus dofleini
Naticidae,Enteroctopus dofleini
Nucella lima,Enteroctopus dofleini
Tonicella,Enteroctopus dofleini
Mytilus,Enteroctopus dofleini
Pododesmus,Enteroctopus dofleini
Macoma,Enteroctopus dofleini
Saxidomus,Enteroctopus dofleini
Protothaca staminea,Enteroctopus dofleini
Semibalanus cariosus,Enteroctopus dofleini
Pugettia,Enteroctopus dofleini
Telmessus cheiragonus,Enteroctopus dofleini
Cancer,Enteroctopus dofleini
Detritus complex,Pharidae
Fucus,Lottia digitalis
Bangia,Lottia digitalis
Bacillariophyta,Lottia digitalis
Cyanophycota,Lottia digitalis
Acrosiphoniaceae,Lottia digitalis
Cladophoraceae,Lottia digitalis
Chthamalus dalli,Lottia digitalis
Balanus crenatus,Lottia digitalis
Balanus glandula,Lottia digitalis
Semibalanus cariosus,Lottia digitalis
Mastocarpus,Lottia digitalis
Mazzaella,Lottia digitalis
Biofilm Complex,Lottia digitalis
Bacillariophyta,Lottia pelta
Cyanophycota,Lottia pelta
Cladophoraceae,Lottia pelta
Chthamalus dalli,Lottia pelta
Balanus glandula,Lottia pelta
Semibalanus cariosus,Lottia pelta
Mastocarpus,Lottia pelta
Mazzaella,Lottia pelta
Phaeophyta Crust,Lottia pelta
Crustose coralline algae complex,Lottia pelta
Biofilm Complex,Lottia pelta
Red crust complex,Lottia pelta
Bacillariophyta,Lottia persona
Biofilm Complex,Lottia persona
Pilayella littoralis,Lottia scutum
Saccharina sessile,Lottia scutum
Porphyra,Lottia scutum
Odonthalia,Lottia scutum
Bacillariophyta,Lottia scutum
Foraminiferida,Lottia scutum
Cyanophycota,Lottia scutum
Ulvaceae,Lottia scutum
Chthamalus dalli,Lottia scutum
Balanus glandula,Lottia scutum
Semibalanus cariosus,Lottia scutum
Mastocarpus,Lottia scutum
Phaeophyta Crust,Lottia scutum
Crustose coralline algae complex,Lottia scutum
Detritus complex,Lottia scutum
Biofilm Complex,Lottia scutum
Red crust complex,Lottia scutum
Lineidae,Lineidae
Emplectonematidae,Lineidae
Polynoidae,Lineidae
Nereididae,Lineidae
Lottia digitalis,Emplectonematidae
Lottia pelta,Emplectonematidae
Polynoidae,Emplectonematidae
Nereididae,Emplectonematidae
Lumbrineridae,Emplectonematidae
Terebellidae,Emplectonematidae
Nucella lamellosa,Emplectonematidae
Chthamalus dalli,Emplectonematidae
Balanus glandula,Emplectonematidae
Semibalanus cariosus,Emplectonematidae
Littorina,Amphiporidae
Idoteidae,Amphiporidae
Gammaridea,Amphiporidae
Caprellidae,Amphiporidae
Gymnolaemata,Polynoidae
Prymnesiophyceae,Polynoidae
Bacillariophyta,Polynoidae
Radiolaria,Polynoidae
Ciliophora,Polynoidae
Hydrozoa,Polynoidae
Polynoidae,Polynoidae
Pycnogonida,Polynoidae
Ostracoda,Polynoidae
Limnoria,Polynoidae
Gammaridea,Polynoidae
Detritus complex,Polynoidae
Bacillariophyta,Balanus nubilus
Sarcomastigophora,Balanus nubilus
Foraminiferida,Balanus nubilus
Detritus complex,Balanus nubilus
Laminaria,Nereididae
Fucus,Nereididae
Odonthalia,Nereididae
Bacillariophyta,Nereididae
Zostera marina,Nereididae
Foraminiferida,Nereididae
Hydrozoa,Nereididae
Ulvaceae,Nereididae
Nereididae,Nereididae
Macoma,Nereididae
Limnoria,Nereididae
Gammaridea,Nereididae
Detritus complex,Nereididae
Polynoidae,Glyceridae
Nereididae,Glyceridae
Macoma,Glyceridae
Gammaridea,Glyceridae
Detritus complex,Glyceridae
Ophiuroidea,Lumbrineridae
Foraminiferida,Lumbrineridae
Lumbrineridae,Lumbrineridae
Flabelligeridae,Lumbrineridae
Detritus complex,Lumbrineridae
Detritus complex,Flabelligeridae
Bacteria,Terebellidae
Bacillariophyta,Terebellidae
Ulvaceae,Terebellidae
Detritus complex,Terebellidae
Detritus complex,Sabellidae
Saccharina sessile,Acmaea mitra
Alaria,Acmaea mitra
Corallina,Acmaea mitra
Microcladia,Acmaea mitra
Crustose coralline algae complex,Acmaea mitra
Biofilm Complex,Acmaea mitra
Laminaria,Trochidae
Agarum,Trochidae
Costaria costata,Trochidae
Saccharina sessile,Trochidae
Nereocystis luetkeana,Trochidae
Alaria,Trochidae
Fucus,Trochidae
Cystoseira,Trochidae
Colpomenia,Trochidae
Corallina,Trochidae
Microcladia,Trochidae
Bacillariophyta,Trochidae
Ulvaceae,Trochidae
Cladophoraceae,Trochidae
Codiaceae,Trochidae
Mastocarpus,Trochidae
Mazzaella,Trochidae
Phaeophyta Crust,Trochidae
Crustose coralline algae complex,Trochidae
Biofilm Complex,Trochidae
Red crust complex,Trochidae
Laminaria,Lacuna
Costaria costata,Lacuna
Saccharina sessile,Lacuna
Nereocystis luetkeana,Lacuna
Alaria,Lacuna
Fucus,Lacuna
Bacillariophyta,Lacuna
Mastocarpus,Lacuna
Neorhodomela,Lacuna
Detritus complex,Lacuna
Biofilm Complex,Lacuna
Laminaria,Littorina
Agarum,Littorina
Desmarestia,Littorina
Fucus,Littorina
Cystoseira,Littorina
Colpomenia,Littorina
Porphyra,Littorina
Polysiphonia,Littorina
Odonthalia,Littorina
Caloplaca,Littorina
Verrucaria,Littorina
Strongylocentrotus droebachiensis,Littorina
Bacillariophyta,Littorina
Foraminiferida,Littorina
Cyanophycota,Littorina
Ulvaceae,Littorina
Acrosiphoniaceae,Littorina
Cladophoraceae,Littorina
Codiaceae,Littorina
Prasinophyta,Littorina
Mastocarpus,Littorina
Mazzaella,Littorina
Neorhodomela,Littorina
Phaeophyta Crust,Littorina
Crustose coralline algae complex,Littorina
Detritus complex,Littorina
Biofilm Complex,Littorina
Red crust complex,Littorina
Halichondria panicea,Cerithiopsis
Biofilm Complex,Cerithiopsis
Sabellidae,Trichotropis cancellata
Detritus complex,Trichotropis cancellata
Biofilm Complex,Velutina
Chrysophyta,Naticidae
Prymnesiophyceae,Naticidae
Bacillariophyta,Naticidae
Ulvaceae,Naticidae
Naticidae,Naticidae
Buccinum,Naticidae
Tresus,Naticidae
Macoma,Naticidae
Saxidomus,Naticidae
Protothaca staminea,Naticidae
Detritus complex,Naticidae
Biofilm Complex,Naticidae
Terebratalia transversa,Fusitriton
Solaster stimpsoni,Fusitriton
Leptasterias,Fusitriton
Ophiuroidea,Fusitriton
Strongylocentrotus droebachiensis,Fusitriton
Styela,Fusitriton
Pyura,Fusitriton
Sabellidae,Fusitriton
Acmaea mitra,Fusitriton
Naticidae,Fusitriton
Fusitriton,Fusitriton
Tonicella,Fusitriton
Katharina tunicata,Fusitriton
Cryptochiton stelleri,Fusitriton
Mytilus,Fusitriton
Clinocardium,Fusitriton
Detritus complex,Fusitriton
Mytilus,Nucella canaliculata
Chthamalus dalli,Nucella canaliculata
Balanus glandula,Nucella canaliculata
Semibalanus cariosus,Nucella canaliculata
Pyura,Nucella lamellosa
Lottia pelta,Nucella lamellosa
Trichotropis cancellata,Nucella lamellosa
Mytilus,Nucella lamellosa
Chthamalus dalli,Nucella lamellosa
Balanus glandula,Nucella lamellosa
Semibalanus balanoides,Nucella lamellosa
Semibalanus cariosus,Nucella lamellosa
Lottia pelta,Nucella lima
Littorina,Nucella lima
Mytilus,Nucella lima
Balanus glandula,Nucella lima
Semibalanus balanoides,Nucella lima
Semibalanus cariosus,Nucella lima
Strongylocentrotus droebachiensis,Buccinum
Polynoidae,Buccinum
Terebellidae,Buccinum
Buccinum,Buccinum
Mytilus,Buccinum
Clinocardium,Buccinum
Mactromeris,Buccinum
Gammaridea,Buccinum
Cancer,Buccinum
Detritus complex,Buccinum
Fucus,Siphonaria thersites
Ulvaceae,Siphonaria thersites
Biofilm Complex,Siphonaria thersites
Haliclona,Diaulula sandiegensis
Halichondria panicea,Diaulula sandiegensis
Ophlitaspongia,Rostanga pulchra
Haliclona,Archidoris montereyensis
Halichondria panicea,Archidoris montereyensis
Haliclona,Archidoris odhneri
Halichondria panicea,Archidoris odhneri
Gymnolaemata,Triopha catalinae
Gymnolaemata,Hermissenda crassicornis
Hydrozoa,Hermissenda crassicornis
Anthopleura,Hermissenda crassicornis
Hermissenda crassicornis,Hermissenda crassicornis
Detritus complex,Hermissenda crassicornis
Hydrozoa,Aeolidia papillosa
Anthopleura,Aeolidia papillosa
Epiactis,Aeolidia papillosa
Urticina,Aeolidia papillosa
Metridium senile,Aeolidia papillosa
Bacillariophyta,Onchidella
Biofilm Complex,Onchidella
Bacteria,Leptochiton rugatus
Bacillariophyta,Leptochiton rugatus
Cyanophycota,Leptochiton rugatus
Detritus complex,Leptochiton rugatus
Biofilm Complex,Leptochiton rugatus
Corallina,Tonicella
Gymnolaemata,Tonicella
Bacillariophyta,Tonicella
Crustose coralline algae complex,Tonicella
Biofilm Complex,Tonicella
Saccharina sessile,Katharina tunicata
Alaria,Katharina tunicata
Fucus,Katharina tunicata
Porphyra,Katharina tunicata
Corallina,Katharina tunicata
Bossiella,Katharina tunicata
Microcladia,Katharina tunicata
Polysiphonia,Katharina tunicata
Odonthalia,Katharina tunicata
Verrucaria,Katharina tunicata
Gymnolaemata,Katharina tunicata
Bacillariophyta,Katharina tunicata
Foraminiferida,Katharina tunicata
Halichondria panicea,Katharina tunicata
Hydrozoa,Katharina tunicata
Cyanophycota,Katharina tunicata
Ulvaceae,Katharina tunicata
Acrosiphoniaceae,Katharina tunicata
Lacuna,Katharina tunicata
Chthamalus dalli,Katharina tunicata
Mazzaella,Katharina tunicata
Neorhodomela,Katharina tunicata
Phaeophyta Crust,Katharina tunicata
Crustose coralline algae complex,Katharina tunicata
Biofilm Complex,Katharina tunicata
Red crust complex,Katharina tunicata
Chlorophyta Crust,Katharina tunicata
Corallina,Mopalia
Gymnolaemata,Mopalia
Bacillariophyta,Mopalia
Foraminiferida,Mopalia
Ciliophora,Mopalia
Hydrozoa,Mopalia
Ulvaceae,Mopalia
Nucella lamellosa,Mopalia
Mastocarpus,Mopalia
Phaeophyta Crust,Mopalia
Crustose coralline algae complex,Mopalia
Detritus complex,Mopalia
Biofilm Complex,Mopalia
Costaria costata,Cryptochiton stelleri
Saccharina sessile,Cryptochiton stelleri
Alaria,Cryptochiton stelleri
Odonthalia,Cryptochiton stelleri
Ulvaceae,Cryptochiton stelleri
Acrosiphoniaceae,Cryptochiton stelleri
Fusitriton,Cryptochiton stelleri
Mastocarpus,Cryptochiton stelleri
Biofilm Complex,Cryptochiton stelleri
Prymnesiophyceae,Mytilus
Bacillariophyta,Mytilus
Sarcomastigophora,Mytilus
Lottia scutum,Mytilus
Ulvaceae,Mytilus
Dinophyceae,Mytilus
Detritus complex,Mytilus
Detritus complex,Modiolus
Detritus complex,Pododesmus
Chrysophyta,Clinocardium
Prymnesiophyceae,Clinocardium
Bacillariophyta,Clinocardium
Prasinophyta,Clinocardium
Detritus complex,Clinocardium
Detritus complex,Tresus
Detritus complex,Mactromeris
Bacteria,Macoma
Bacillariophyta,Macoma
Sarcomastigophora,Macoma
Cyanophycota,Macoma
Dinophyceae,Macoma
Detritus complex,Macoma
Detritus complex,Saxidomus
Detritus complex,Protothaca staminea
Detritus complex,Hiatellidae
Detritus complex,Entodesma
Detritus complex,Prostigmata
Gymnolaemata,Pycnogonida
Cucumaria,Pycnogonida
Foraminiferida,Pycnogonida
Halichondria panicea,Pycnogonida
Hydrozoa,Pycnogonida
Anthopleura,Pycnogonida
Urticina,Pycnogonida
Metridium senile,Pycnogonida
Sabellidae,Pycnogonida
Detritus complex,Pycnogonida
Bacteria,Ostracoda
Cyanophycota,Ostracoda
Detritus complex,Ostracoda
Bacillariophyta,Harpacticidae
Detritus complex,Harpacticidae
Detritus complex,Chthamalus dalli
Bacillariophyta,Balanus crenatus
Detritus complex,Balanus crenatus
Bacillariophyta,Balanus glandula
Detritus complex,Balanus glandula
Chrysophyta,Semibalanus balanoides
Bacillariophyta,Semibalanus balanoides
Sarcomastigophora,Semibalanus balanoides
Ciliophora,Semibalanus balanoides
Dinophyceae,Semibalanus balanoides
Detritus complex,Semibalanus balanoides
Bacillariophyta,Semibalanus cariosus
Foraminiferida,Semibalanus cariosus
Mytilus,Semibalanus cariosus
Ostracoda,Semibalanus cariosus
Detritus complex,Semibalanus cariosus
Fucus,Sphaeromatidae
Cystoseira,Sphaeromatidae
Polysiphonia,Sphaeromatidae
Bacillariophyta,Sphaeromatidae
Ulvaceae,Sphaeromatidae
Cladophoraceae,Sphaeromatidae
Detritus complex,Sphaeromatidae
Detritus complex,Limnoria
Pilayella littoralis,Idoteidae
Laminaria,Idoteidae
Costaria costata,Idoteidae
Saccharina sessile,Idoteidae
Nereocystis luetkeana,Idoteidae
Alaria,Idoteidae
Fucus,Idoteidae
Porphyra,Idoteidae
Corallina,Idoteidae
Palmaria,Idoteidae
Odonthalia,Idoteidae
Bacillariophyta,Idoteidae
Zostera marina,Idoteidae
Hydrozoa,Idoteidae
Cyanophycota,Idoteidae
Ulvaceae,Idoteidae
Acrosiphoniaceae,Idoteidae
Cladophoraceae,Idoteidae
Codiaceae,Idoteidae
Nucella lamellosa,Idoteidae
Mastocarpus,Idoteidae
Neorhodomela,Idoteidae
Detritus complex,Idoteidae
Pilayella littoralis,Gammaridea
Laminaria,Gammaridea
Alaria,Gammaridea
Desmarestia,Gammaridea
Fucus,Gammaridea
Cystoseira,Gammaridea
Porphyra,Gammaridea
Corallina,Gammaridea
Palmaria,Gammaridea
Polysiphonia,Gammaridea
Odonthalia,Gammaridea
Cucumaria,Gammaridea
Bacteria,Gammaridea
Bacillariophyta,Gammaridea
Zostera marina,Gammaridea
Ciliophora,Gammaridea
Cyanophycota,Gammaridea
Ulvaceae,Gammaridea
Acrosiphoniaceae,Gammaridea
Cladophoraceae,Gammaridea
Codiaceae,Gammaridea
Macoma,Gammaridea
Ostracoda,Gammaridea
Gammaridea,Gammaridea
Dinophyceae,Gammaridea
Mazzaella,Gammaridea
Neorhodomela,Gammaridea
Detritus complex,Gammaridea
Biofilm Complex,Gammaridea
Fucus,Caprellidae
Microcladia,Caprellidae
Bacillariophyta,Caprellidae
Detritus complex,Caprellidae
Biofilm Complex,Caprellidae
Prymnesiophyceae,Euphausiidae
Bacillariophyta,Euphausiidae
Sarcomastigophora,Euphausiidae
Foraminiferida,Euphausiidae
Radiolaria,Euphausiidae
Ciliophora,Euphausiidae
Hydrozoa,Euphausiidae
Cyanophycota,Euphausiidae
Ostracoda,Euphausiidae
Euphausiidae,Euphausiidae
Dinophyceae,Euphausiidae
Detritus complex,Euphausiidae
Bacillariophyta,Hippolytidae
Foraminiferida,Hippolytidae
Hydrozoa,Hippolytidae
Hermissenda crassicornis,Hippolytidae
Gammaridea,Hippolytidae
Prasinophyta,Hippolytidae
Detritus complex,Hippolytidae
Strongylocentrotus droebachiensis,Crangonidae
Bacillariophyta,Crangonidae
Foraminiferida,Crangonidae
Hydrozoa,Crangonidae
Nereididae,Crangonidae
Glyceridae,Crangonidae
Macoma,Crangonidae
Ostracoda,Crangonidae
Idoteidae,Crangonidae
Gammaridea,Crangonidae
Detritus complex,Crangonidae
Odonthalia,Paguridae
Gymnolaemata,Paguridae
Strongylocentrotus droebachiensis,Paguridae
Bacillariophyta,Paguridae
Foraminiferida,Paguridae
Hydrozoa,Paguridae
Lottia pelta,Paguridae
Glyceridae,Paguridae
Nucella lamellosa,Paguridae
Mytilus,Paguridae
Ostracoda,Paguridae
Paguridae,Paguridae
Detritus complex,Paguridae
Detritus complex,Mimulus
Laminaria,Pugettia
Costaria costata,Pugettia
Nereocystis luetkeana,Pugettia
Alaria,Pugettia
Fucus,Pugettia
Cystoseira,Pugettia
Odonthalia,Pugettia
Gymnolaemata,Pugettia
Bacillariophyta,Pugettia
Zostera marina,Pugettia
Hydrozoa,Pugettia
Mytilus,Pugettia
Idoteidae,Pugettia
Detritus complex,Pugettia
Foraminiferida,Scyra
Detritus complex,Scyra
Pycnopodia helianthoides,Telmessus cheiragonus
Zostera marina,Telmessus cheiragonus
Phoronida,Cancer
Terebratalia transversa,Cancer
Leptasterias,Cancer
Pycnopodia helianthoides,Cancer
Strongylocentrotus droebachiensis,Cancer
Cucumaria,Cancer
Styela,Cancer
Ammodytes hexapterus,Cancer
Bacillariophyta,Cancer
Zostera marina,Cancer
Hydrozoa,Cancer
Pharidae,Cancer
Flabelligeridae,Cancer
Trochidae,Cancer
Littorina,Cancer
Trichotropis cancellata,Cancer
Nucella lamellosa,Cancer
Buccinum,Cancer
Mytilus,Cancer
Modiolus,Cancer
Clinocardium,Cancer
Tresus,Cancer
Mactromeris,Cancer
Macoma,Cancer
Saxidomus,Cancer
Protothaca staminea,Cancer
Hiatellidae,Cancer
Balanus crenatus,Cancer
Semibalanus balanoides,Cancer
Gammaridea,Cancer
Crangonidae,Cancer
Paguridae,Cancer
Pugettia,Cancer
Cancer,Cancer
Dinophyceae,Cancer
Detritus complex,Cancer
Red crust complex,Cancer
Bacteria,Dinophyceae
Prymnesiophyceae,Dinophyceae
Bacillariophyta,Dinophyceae
Ciliophora,Dinophyceae
Cyanophycota,Dinophyceae
Prasinophyta,Dinophyceae
Dinophyceae,Dinophyceae
Gasterosteus aculeatus,Gavia
Pholis,Gavia
Ammodytes hexapterus,Gavia
Enteroctopus dofleini,Gavia
Nereididae,Gavia
Idoteidae,Gavia
Gammaridea,Gavia
Hippolytidae,Gavia
Paguridae,Gavia
Gavia,Gavia
Gasterosteus aculeatus,Podiceps
Nereididae,Podiceps
Ostracoda,Podiceps
Gammaridea,Podiceps
Crangonidae,Podiceps
Podiceps,Podiceps
Strongylocentrotus droebachiensis,Diomedeidae
Ammodytes hexapterus,Diomedeidae
Foraminiferida,Diomedeidae
Polynoidae,Diomedeidae
Nereididae,Diomedeidae
Trochidae,Diomedeidae
Sphaeromatidae,Diomedeidae
Gammaridea,Diomedeidae
Euphausiidae,Diomedeidae
Paguridae,Diomedeidae
Detritus complex,Diomedeidae
Hydrozoa,Fulmarus glacialis
Nereididae,Fulmarus glacialis
Trochidae,Fulmarus glacialis
Ostracoda,Fulmarus glacialis
Idoteidae,Fulmarus glacialis
Gammaridea,Fulmarus glacialis
Euphausiidae,Fulmarus glacialis
Paguridae,Fulmarus glacialis
Ammodytes hexapterus,Puffinus tenuirostris
Fusitriton,Puffinus tenuirostris
Gammaridea,Puffinus tenuirostris
Euphausiidae,Puffinus tenuirostris
Ammodytes hexapterus,Oceanodroma
Hydrozoa,Oceanodroma
Gammaridea,Oceanodroma
Euphausiidae,Oceanodroma
Detritus complex,Oceanodroma
Gasterosteus aculeatus,Phalacrocorax auritus
Pholis,Phalacrocorax auritus
Ammodytes hexapterus,Phalacrocorax auritus
Littorina,Phalacrocorax auritus
Mytilus,Phalacrocorax auritus
Hippolytidae,Phalacrocorax auritus
Crangonidae,Phalacrocorax auritus
Cancer,Phalacrocorax auritus
Detritus complex,Phalacrocorax auritus
Artedius,Phalacrocorax pelagicus
Ammodytes hexapterus,Phalacrocorax pelagicus
Nereididae,Phalacrocorax pelagicus
Hippolytidae,Phalacrocorax pelagicus
Cyanophycota,Cygnus columbianus
Ulvaceae,Cygnus columbianus
Nereididae,Cygnus columbianus
Macoma,Cygnus columbianus
Cygnus columbianus,Cygnus columbianus
Zostera marina,Branta canadensis
Somateria mollissima,Branta canadensis
Fucus,Branta bernicla
Zostera marina,Branta bernicla
Ulvaceae,Branta bernicla
Zostera marina,Chen canagica
Pharidae,Chen canagica
Ulvaceae,Chen canagica
Mytilus,Chen canagica
Macoma,Chen canagica
Telmessus cheiragonus,Chen canagica
Phoronida,Anas
Gymnolaemata,Anas
Bacillariophyta,Anas
Zostera marina,Anas
Foraminiferida,Anas
Cyanophycota,Anas
Ulvaceae,Anas
Nereididae,Anas
Cladophoraceae,Anas
Prostigmata,Anas
Ostracoda,Anas
Gammaridea,Anas
Detritus complex,Anas
Zostera marina,Aythya marila
Ulvaceae,Aythya marila
Lacuna,Aythya marila
Littorina,Aythya marila
Cerithiopsis,Aythya marila
Mytilus,Aythya marila
Macoma,Aythya marila
Semibalanus balanoides,Aythya marila
Gammaridea,Aythya marila
Paguridae,Aythya marila
Cancer,Aythya marila
Detritus complex,Aythya marila
Lottia pelta,Bucephala
Nereididae,Bucephala
Trochidae,Bucephala
Lacuna,Bucephala
Littorina,Bucephala
Mytilus,Bucephala
Macoma,Bucephala
Balanus glandula,Bucephala
Idoteidae,Bucephala
Gammaridea,Bucephala
Paguridae,Bucephala
Cancer,Bucephala
Detritus complex,Bucephala
Bucephala,Bucephala
Pharidae,Clangula hyemalis
Trochidae,Clangula hyemalis
Lacuna,Clangula hyemalis
Littorina,Clangula hyemalis
Mytilus,Clangula hyemalis
Macoma,Clangula hyemalis
Idoteidae,Clangula hyemalis
Gammaridea,Clangula hyemalis
Caprellidae,Clangula hyemalis
Euphausiidae,Clangula hyemalis
Crangonidae,Clangula hyemalis
Cancer,Clangula hyemalis
Ophiuroidea,Histrionicus histrionicus
Lottia pelta,Histrionicus histrionicus
Cyanophycota,Histrionicus histrionicus
Trochidae,Histrionicus histrionicus
Lacuna,Histrionicus histrionicus
Littorina,Histrionicus histrionicus
Tonicella,Histrionicus histrionicus
Mopalia,Histrionicus histrionicus
Mytilus,Histrionicus histrionicus
Paguridae,Histrionicus histrionicus
Ophiuroidea,Polysticta stelleri
Strongylocentrotus droebachiensis,Polysticta stelleri
Nereididae,Polysticta stelleri
Trochidae,Polysticta stelleri
Lacuna,Polysticta stelleri
Littorina,Polysticta stelleri
Buccinum,Polysticta stelleri
Mytilus,Polysticta stelleri
Macoma,Polysticta stelleri
Hiatellidae,Polysticta stelleri
Idoteidae,Polysticta stelleri
Gammaridea,Polysticta stelleri
Caprellidae,Polysticta stelleri
Leptasterias,Somateria mollissima
Ophiuroidea,Somateria mollissima
Strongylocentrotus droebachiensis,Somateria mollissima
Nereididae,Somateria mollissima
Trochidae,Somateria mollissima
Lacuna,Somateria mollissima
Littorina,Somateria mollissima
Buccinum,Somateria mollissima
Tonicella,Somateria mollissima
Mytilus,Somateria mollissima
Modiolus,Somateria mollissima
Macoma,Somateria mollissima
Hiatellidae,Somateria mollissima
Idoteidae,Somateria mollissima
Gammaridea,Somateria mollissima
Cancer,Somateria mollissima
Somateria mollissima,Somateria mollissima
Ophiuroidea,Somateria spectabilis
Strongylocentrotus droebachiensis,Somateria spectabilis
Hydrozoa,Somateria spectabilis
Trochidae,Somateria spectabilis
Mytilus,Somateria spectabilis
Macoma,Somateria spectabilis
Hiatellidae,Somateria spectabilis
Gammaridea,Somateria spectabilis
Caprellidae,Somateria spectabilis
Acmaea mitra,Melanitta fusca
Lacuna,Melanitta fusca
Littorina,Melanitta fusca
Cerithiopsis,Melanitta fusca
Mytilus,Melanitta fusca
Clinocardium,Melanitta fusca
Macoma,Melanitta fusca
Protothaca staminea,Melanitta fusca
Gammaridea,Melanitta fusca
Cancer,Melanitta fusca
Melanitta fusca,Melanitta fusca
Ophiuroidea,Melanitta perspicillata
Trochidae,Melanitta perspicillata
Littorina,Melanitta perspicillata
Mytilus,Melanitta perspicillata
Clinocardium,Melanitta perspicillata
Macoma,Melanitta perspicillata
Protothaca staminea,Melanitta perspicillata
Balanus glandula,Melanitta perspicillata
Idoteidae,Melanitta perspicillata
Paguridae,Melanitta perspicillata
Pharidae,Melanitta nigra
Mytilus,Melanitta nigra
Clinocardium,Melanitta nigra
Gobiesocidae,Mergus
Gasterosteus aculeatus,Mergus
Oligocottus maculosus,Mergus
Anoplarchus purpurescens,Mergus
Xiphister atropurpureus,Mergus
Pholis,Mergus
Ammodytes hexapterus,Mergus
Mytilus,Mergus
Mergus,Mergus
Chrysophyta,Buteo lagopus
Detritus complex,Buteo lagopus
Anas,Buteo lagopus
Aythya marila,Buteo lagopus
Somateria spectabilis,Buteo lagopus
Charadrius semipalmatus,Buteo lagopus
Tringa melanoleuca,Buteo lagopus
Tringa incana,Buteo lagopus
Calidris,Buteo lagopus
Limosa lapponica,Buteo lagopus
Gallinago,Buteo lagopus
Phalaropus lobatus,Buteo lagopus
Rissa tridactyla,Buteo lagopus
Asio flammeus,Buteo lagopus
Calcarius lapponicus,Buteo lagopus
Chrysophyta,Aquila chrysaetos
Vulpes,Aquila chrysaetos
Cygnus columbianus,Aquila chrysaetos
Branta canadensis,Aquila chrysaetos
Chen canagica,Aquila chrysaetos
Anas,Aquila chrysaetos
Bucephala,Aquila chrysaetos
Histrionicus histrionicus,Aquila chrysaetos
Falco rusticolus,Aquila chrysaetos
Grus canadensis,Aquila chrysaetos
Tringa melanoleuca,Aquila chrysaetos
Larus argentatus,Aquila chrysaetos
Asio flammeus,Aquila chrysaetos
Corvus corax,Aquila chrysaetos
Strongylocentrotus droebachiensis,Haliaeetus leucocephalus
Ammodytes hexapterus,Haliaeetus leucocephalus
Enhydra lutris,Haliaeetus leucocephalus
Vulpes,Haliaeetus leucocephalus
Nereididae,Haliaeetus leucocephalus
Cryptochiton stelleri,Haliaeetus leucocephalus
Mytilus,Haliaeetus leucocephalus
Clinocardium,Haliaeetus leucocephalus
Protothaca staminea,Haliaeetus leucocephalus
Cancer,Haliaeetus leucocephalus
Detritus complex,Haliaeetus leucocephalus
Gavia,Haliaeetus leucocephalus
Fulmarus glacialis,Haliaeetus leucocephalus
Puffinus tenuirostris,Haliaeetus leucocephalus
Oceanodroma,Haliaeetus leucocephalus
Branta canadensis,Haliaeetus leucocephalus
Chen canagica,Haliaeetus leucocephalus
Anas,Haliaeetus leucocephalus
Bucephala,Haliaeetus leucocephalus
Clangula hyemalis,Haliaeetus leucocephalus
Histrionicus histrionicus,Haliaeetus leucocephalus
Somateria mollissima,Haliaeetus leucocephalus
Mergus,Haliaeetus leucocephalus
Haliaeetus leucocephalus,Haliaeetus leucocephalus
Haematopus bachmani,Haliaeetus leucocephalus
Larus hyperboreus,Haliaeetus leucocephalus
Larus glaucescens,Haliaeetus leucocephalus
Rissa tridactyla,Haliaeetus leucocephalus
Uria aalge,Haliaeetus leucocephalus
Uria lomvia,Haliaeetus leucocephalus
Cepphus columba,Haliaeetus leucocephalus
Brachyramphus marmoratus,Haliaeetus leucocephalus
Synthliboramphus antiquus,Haliaeetus leucocephalus
Aethia cristatella,Haliaeetus leucocephalus
Fratercula corniculata,Haliaeetus leucocephalus
Fratercula cirrhata,Haliaeetus leucocephalus
Corvus corax,Haliaeetus leucocephalus
Aethia psittacula,Haliaeetus leucocephalus
Anas,Falco rusticolus
Clangula hyemalis,Falco rusticolus
Mergus,Falco rusticolus
Buteo lagopus,Falco rusticolus
Falco rusticolus,Falco rusticolus
Falco peregrinus,Falco rusticolus
Calidris,Falco rusticolus
Gallinago,Falco rusticolus
Phalaropus lobatus,Falco rusticolus
Larus canus,Falco rusticolus
Rissa tridactyla,Falco rusticolus
Sterna,Falco rusticolus
Asio flammeus,Falco rusticolus
Calcarius lapponicus,Falco rusticolus
Plectrophenax,Falco rusticolus
Oceanodroma,Falco peregrinus
Phalacrocorax pelagicus,Falco peregrinus
Branta bernicla,Falco peregrinus
Anas,Falco peregrinus
Bucephala,Falco peregrinus
Clangula hyemalis,Falco peregrinus
Histrionicus histrionicus,Falco peregrinus
Mergus,Falco peregrinus
Falco peregrinus,Falco peregrinus
Grus canadensis,Falco peregrinus
Haematopus bachmani,Falco peregrinus
Charadrius semipalmatus,Falco peregrinus
Tringa melanoleuca,Falco peregrinus
Tringa incana,Falco peregrinus
Calidris,Falco peregrinus
Gallinago,Falco peregrinus
Phalaropus lobatus,Falco peregrinus
Larus glaucescens,Falco peregrinus
Rissa tridactyla,Falco peregrinus
Sterna,Falco peregrinus
Uria aalge,Falco peregrinus
Cepphus columba,Falco peregrinus
Brachyramphus marmoratus,Falco peregrinus
Synthliboramphus antiquus,Falco peregrinus
Ptychoramphus aleuticus,Falco peregrinus
Aethia cristatella,Falco peregrinus
Fratercula corniculata,Falco peregrinus
Fratercula cirrhata,Falco peregrinus
Asio flammeus,Falco peregrinus
Calcarius lapponicus,Falco peregrinus
Plectrophenax,Falco peregrinus
Corvus corax,Falco peregrinus
Aethia psittacula,Falco peregrinus
Anthus rubescens,Falco peregrinus
Anas,Grus canadensis
Phascolosomatidae,Haematopus bachmani
Leptasterias,Haematopus bachmani
Hydrozoa,Haematopus bachmani
Lottia digitalis,Haematopus bachmani
Lottia pelta,Haematopus bachmani
Lottia persona,Haematopus bachmani
Lottia scutum,Haematopus bachmani
Nereididae,Haematopus bachmani
Acmaea mitra,Haematopus bachmani
Trochidae,Haematopus bachmani
Littorina,Haematopus bachmani
Nucella canaliculata,Haematopus bachmani
Nucella lamellosa,Haematopus bachmani
Tonicella,Haematopus bachmani
Katharina tunicata,Haematopus bachmani
Mopalia,Haematopus bachmani
Mytilus,Haematopus bachmani
Saxidomus,Haematopus bachmani
Protothaca staminea,Haematopus bachmani
Balanus glandula,Haematopus bachmani
Idoteidae,Haematopus bachmani
Nereididae,Charadrius semipalmatus
Glyceridae,Charadrius semipalmatus
Macoma,Charadrius semipalmatus
Ostracoda,Charadrius semipalmatus
Gammaridea,Charadrius semipalmatus
Staphylinidae,Tringa melanoleuca
Gymnolaemata,Tringa melanoleuca
Gasterosteus aculeatus,Tringa melanoleuca
Foraminiferida,Tringa melanoleuca
Nereididae,Tringa melanoleuca
Littorina,Tringa melanoleuca
Macoma,Tringa melanoleuca
Ostracoda,Tringa melanoleuca
Sphaeromatidae,Tringa melanoleuca
Gammaridea,Tringa melanoleuca
Crangonidae,Tringa melanoleuca
Tringa melanoleuca,Tringa melanoleuca
Littorina,Tringa incana
Gammaridea,Tringa incana
Staphylinidae,Calidris
Foraminiferida,Calidris
Hydrozoa,Calidris
Nereididae,Calidris
Lumbrineridae,Calidris
Lacuna,Calidris
Littorina,Calidris
Mytilus,Calidris
Modiolus,Calidris
Clinocardium,Calidris
Macoma,Calidris
Ostracoda,Calidris
Balanus glandula,Calidris
Sphaeromatidae,Calidris
Gammaridea,Calidris
Detritus complex,Calidris
Biofilm Complex,Calidris
Calidris,Calidris
Staphylinidae,Limosa lapponica
Nereididae,Limosa lapponica
Terebellidae,Limosa lapponica
Littorina,Limosa lapponica
Macoma,Limosa lapponica
Gammaridea,Limosa lapponica
Detritus complex,Limosa lapponica
Limosa lapponica,Limosa lapponica
Staphylinidae,Gallinago
Gallinago,Gallinago
Hydrozoa,Phalaropus lobatus
Modiolus,Phalaropus lobatus
Euphausiidae,Phalaropus lobatus
Phalaropus lobatus,Phalaropus lobatus
Vulpes,Stercorarius parasiticus
Gammaridea,Stercorarius parasiticus
Gavia,Stercorarius parasiticus
Oceanodroma,Stercorarius parasiticus
Cygnus columbianus,Stercorarius parasiticus
Branta canadensis,Stercorarius parasiticus
Branta bernicla,Stercorarius parasiticus
Chen canagica,Stercorarius parasiticus
Anas,Stercorarius parasiticus
Aythya marila,Stercorarius parasiticus
Clangula hyemalis,Stercorarius parasiticus
Somateria mollissima,Stercorarius parasiticus
Somateria spectabilis,Stercorarius parasiticus
Charadrius semipalmatus,Stercorarius parasiticus
Calidris,Stercorarius parasiticus
Stercorarius parasiticus,Stercorarius parasiticus
Larus hyperboreus,Stercorarius parasiticus
Larus argentatus,Stercorarius parasiticus
Rissa tridactyla,Stercorarius parasiticus
Sterna,Stercorarius parasiticus
Uria aalge,Stercorarius parasiticus
Uria lomvia,Stercorarius parasiticus
Calcarius lapponicus,Stercorarius parasiticus
Plectrophenax,Stercorarius parasiticus
Strongylocentrotus droebachiensis,Larus hyperboreus
Pholis,Larus hyperboreus
Ammodytes hexapterus,Larus hyperboreus
Pharidae,Larus hyperboreus
Nereididae,Larus hyperboreus
Naticidae,Larus hyperboreus
Mytilus,Larus hyperboreus
Modiolus,Larus hyperboreus
Euphausiidae,Larus hyperboreus
Cygnus columbianus,Larus hyperboreus
Branta canadensis,Larus hyperboreus
Branta bernicla,Larus hyperboreus
Chen canagica,Larus hyperboreus
Anas,Larus hyperboreus
Aythya marila,Larus hyperboreus
Clangula hyemalis,Larus hyperboreus
Somateria mollissima,Larus hyperboreus
Somateria spectabilis,Larus hyperboreus
Grus canadensis,Larus hyperboreus
Calidris,Larus hyperboreus
Phalaropus lobatus,Larus hyperboreus
Larus canus,Larus hyperboreus
Rissa tridactyla,Larus hyperboreus
Uria aalge,Larus hyperboreus
Uria lomvia,Larus hyperboreus
Plectrophenax,Larus hyperboreus
Nereocystis luetkeana,Larus glaucescens
Solaster stimpsoni,Larus glaucescens
Dermasterias imbricata,Larus glaucescens
Evasterias troschelii,Larus glaucescens
Leptasterias,Larus glaucescens
Orthasterias koehleri,Larus glaucescens
Pycnopodia helianthoides,Larus glaucescens
Strongylocentrotus droebachiensis,Larus glaucescens
Cucumaria,Larus glaucescens
Trichodon trichodon,Larus glaucescens
Ammodytes hexapterus,Larus glaucescens
Enteroctopus dofleini,Larus glaucescens
Lottia digitalis,Larus glaucescens
Lottia pelta,Larus glaucescens
Lottia scutum,Larus glaucescens
Amphiporidae,Larus glaucescens
Nereididae,Larus glaucescens
Acmaea mitra,Larus glaucescens
Trochidae,Larus glaucescens
Littorina,Larus glaucescens
Nucella canaliculata,Larus glaucescens
Nucella lamellosa,Larus glaucescens
Katharina tunicata,Larus glaucescens
Mopalia,Larus glaucescens
Cryptochiton stelleri,Larus glaucescens
Mytilus,Larus glaucescens
Clinocardium,Larus glaucescens
Tresus,Larus glaucescens
Saxidomus,Larus glaucescens
Protothaca staminea,Larus glaucescens
Balanus glandula,Larus glaucescens
Semibalanus cariosus,Larus glaucescens
Pugettia,Larus glaucescens
Telmessus cheiragonus,Larus glaucescens
Cancer,Larus glaucescens
Detritus complex,Larus glaucescens
Oceanodroma,Larus glaucescens
Cygnus columbianus,Larus glaucescens
Branta canadensis,Larus glaucescens
Branta bernicla,Larus glaucescens
Chen canagica,Larus glaucescens
Polysticta stelleri,Larus glaucescens
Rissa tridactyla,Larus glaucescens
Synthliboramphus antiquus,Larus glaucescens
Ptychoramphus aleuticus,Larus glaucescens
Aethia cristatella,Larus glaucescens
Fratercula cirrhata,Larus glaucescens
Strongylocentrotus droebachiensis,Larus argentatus
Pharidae,Larus argentatus
Trochidae,Larus argentatus
Lacuna,Larus argentatus
Littorina,Larus argentatus
Mytilus,Larus argentatus
Macoma,Larus argentatus
Paguridae,Larus argentatus
Cancer,Larus argentatus
Oceanodroma,Larus argentatus
Branta canadensis,Larus argentatus
Anas,Larus argentatus
Clangula hyemalis,Larus argentatus
Somateria mollissima,Larus argentatus
Mergus,Larus argentatus
Charadrius semipalmatus,Larus argentatus
Calidris,Larus argentatus
Rissa tridactyla,Larus argentatus
Sterna,Larus argentatus
Asio flammeus,Larus argentatus
Plectrophenax,Larus argentatus
Pharidae,Larus canus
Nereididae,Larus canus
Terebellidae,Larus canus
Mytilus,Larus canus
Macoma,Larus canus
Crangonidae,Larus canus
Paguridae,Larus canus
Cygnus columbianus,Larus canus
Aythya marila,Larus canus
Calidris,Larus canus
Melospiza melodia,Larus canus
Trichodon trichodon,Rissa tridactyla
Ammodytes hexapterus,Rissa tridactyla
Nereididae,Rissa tridactyla
Gammaridea,Rissa tridactyla
Euphausiidae,Rissa tridactyla
Rissa tridactyla,Rissa tridactyla
Gasterosteus aculeatus,Sterna
Hydrozoa,Sterna
Nereididae,Sterna
Gammaridea,Sterna
Euphausiidae,Sterna
Ammodytes hexapterus,Uria aalge
Nereididae,Uria aalge
Pycnogonida,Uria aalge
Gammaridea,Uria aalge
Euphausiidae,Uria aalge
Hippolytidae,Uria aalge
Crangonidae,Uria aalge
Uria aalge,Uria aalge
Ammodytes hexapterus,Uria lomvia
Nereididae,Uria lomvia
Gammaridea,Uria lomvia
Euphausiidae,Uria lomvia
Hippolytidae,Uria lomvia
Crangonidae,Uria lomvia
Trichodon trichodon,Cepphus columba
Pholis,Cepphus columba
Ammodytes hexapterus,Cepphus columba
Lacuna,Cepphus columba
Hippolytidae,Cepphus columba
Crangonidae,Cepphus columba
Paguridae,Cepphus columba
Cancer,Cepphus columba
Trichodon trichodon,Brachyramphus marmoratus
Ammodytes hexapterus,Brachyramphus marmoratus
Gammaridea,Brachyramphus marmoratus
Euphausiidae,Brachyramphus marmoratus
Ammodytes hexapterus,Synthliboramphus antiquus
Gammaridea,Synthliboramphus antiquus
Euphausiidae,Synthliboramphus antiquus
Synthliboramphus antiquus,Synthliboramphus antiquus
Artedius,Ptychoramphus aleuticus
Clinocottus,Ptychoramphus aleuticus
Ammodytes hexapterus,Ptychoramphus aleuticus
Hydrozoa,Ptychoramphus aleuticus
Ostracoda,Ptychoramphus aleuticus
Idoteidae,Ptychoramphus aleuticus
Gammaridea,Ptychoramphus aleuticus
Caprellidae,Ptychoramphus aleuticus
Euphausiidae,Ptychoramphus aleuticus
Hippolytidae,Ptychoramphus aleuticus
Crangonidae,Ptychoramphus aleuticus
Paguridae,Ptychoramphus aleuticus
Cancer,Ptychoramphus aleuticus
Hydrozoa,Aethia cristatella
Gammaridea,Aethia cristatella
Euphausiidae,Aethia cristatella
Paguridae,Aethia cristatella
Gasterosteus aculeatus,Fratercula corniculata
Trichodon trichodon,Fratercula corniculata
Pholis,Fratercula corniculata
Ammodytes hexapterus,Fratercula corniculata
Euphausiidae,Fratercula corniculata
Gasterosteus aculeatus,Fratercula cirrhata
Trichodon trichodon,Fratercula cirrhata
Pholis,Fratercula cirrhata
Ammodytes hexapterus,Fratercula cirrhata
Nereididae,Fratercula cirrhata
Gammaridea,Fratercula cirrhata
Euphausiidae,Fratercula cirrhata
Oceanodroma,Asio flammeus
Charadrius semipalmatus,Asio flammeus
Calidris,Asio flammeus
Sterna,Asio flammeus
Melospiza melodia,Asio flammeus
Staphylinidae,Lanius excubitor
Calidris,Lanius excubitor
Plectrophenax,Lanius excubitor
Detritus complex,Melospiza melodia
Staphylinidae,Calcarius lapponicus
Staphylinidae,Plectrophenax
Strongylocentrotus droebachiensis,Corvus corax
Cryptochiton stelleri,Corvus corax
Detritus complex,Corvus corax
Gavia,Corvus corax
Cygnus columbianus,Corvus corax
Branta canadensis,Corvus corax
Anas,Corvus corax
Aythya marila,Corvus corax
Polysticta stelleri,Corvus corax
Somateria mollissima,Corvus corax
Somateria spectabilis,Corvus corax
Mergus,Corvus corax
Grus canadensis,Corvus corax
Haematopus bachmani,Corvus corax
Charadrius semipalmatus,Corvus corax
Calidris,Corvus corax
Limosa lapponica,Corvus corax
Larus glaucescens,Corvus corax
Larus argentatus,Corvus corax
Rissa tridactyla,Corvus corax
Sterna,Corvus corax
Uria aalge,Corvus corax
Uria lomvia,Corvus corax
Brachyramphus marmoratus,Corvus corax
Asio flammeus,Corvus corax
Calcarius lapponicus,Corvus corax
Corvus corax,Corvus corax
Ammodytes hexapterus,Aethia psittacula
Gammaridea,Aethia psittacula
Euphausiidae,Aethia psittacula
Paguridae,Aethia psittacula
Staphylinidae,Anthus rubescens
Podiceps,Bubo scandiacus
Oceanodroma,Bubo scandiacus
Branta canadensis,Bubo scandiacus
Anas,Bubo scandiacus
Aythya marila,Bubo scandiacus
Bucephala,Bubo scandiacus
Clangula hyemalis,Bubo scandiacus
Histrionicus histrionicus,Bubo scandiacus
Polysticta stelleri,Bubo scandiacus
Melanitta fusca,Bubo scandiacus
Melanitta perspicillata,Bubo scandiacus
Calidris,Bubo scandiacus
Larus glaucescens,Bubo scandiacus
Larus canus,Bubo scandiacus
Cepphus columba,Bubo scandiacus
Synthliboramphus antiquus,Bubo scandiacus
Ptychoramphus aleuticus,Bubo scandiacus
Fratercula corniculata,Bubo scandiacus
Fratercula cirrhata,Bubo scandiacus
Asio flammeus,Bubo scandiacus
Melospiza melodia,Bubo scandiacus
Calcarius lapponicus,Bubo scandiacus
Plectrophenax,Bubo scandiacus
Hydrozoa,Cinclus mexicanus